,key_node,wkr,occ,itc,slp,wge,qty,qtp,lyr
0,1,0,0,-0.4056813636494332,1.0873033178258935,0.10540464031255643,1.5421372490053786,1.8490312799639177,0
1,2,0,1,0.4108096590580015,1.0873033178258935,0.04093332675608379,0.0890204925183585,1.8490312799639177,0
2,3,0,2,0.5154595730623184,1.0873033178258935,0.07114580230978451,0.0720181827539581,1.8490312799639177,0
3,4,1,0,0.01901408959241202,0.9077228445752774,0.022910253337415205,4.152017028475602,4.481167491741547,0
4,5,1,1,-1.9294290786202852,0.9077228445752774,0.052887208906735005,0.13736576475497086,4.481167491741547,0
5,6,1,2,-0.23189423300954037,0.9077228445752774,0.03326842844297629,0.04182875540840107,4.481167491741547,0
6,7,2,0,0.34357790981622927,1.0732178996106554,0.04394802354834745,3.2222118451812873,3.7045034295581822,0
7,8,2,1,0.7651951044059331,1.0732178996106554,0.03988258265548271,0.15883503321218917,3.7045034295581822,0
8,9,2,2,-0.8025240490972483,1.0732178996106554,0.08715827528253506,0.21817735146986061,3.7045034295581822,0
